[
  {
    "value": 0,
    "name": "Charm"
  },
  {
    "value": 1,
    "name": "Leather LR"
  },
  {
    "value": 2,
    "name": "Hunter's LR"
  },
  {
    "value": 3,
    "name": "Anja LR"
  },
  {
    "value": 4,
    "name": "Jagras LR"
  },
  {
    "value": 5,
    "name": "Bone LR"
  },
  {
    "value": 6,
    "name": "Alloy LR"
  },
  {
    "value": 7,
    "name": "Kestodon  LR"
  },
  {
    "value": 8,
    "name": "Gajau LR"
  },
  {
    "value": 9,
    "name": "Vespoid LR"
  },
  {
    "value": 10,
    "name": "Kulu LR"
  },
  {
    "value": 11,
    "name": "Pukei LR"
  },
  {
    "value": 12,
    "name": "Jyura LR"
  },
  {
    "value": 13,
    "name": "Barroth LR"
  },
  {
    "value": 14,
    "name": "Kadachi LR"
  },
  {
    "value": 15,
    "name": "Chainmail LR"
  },
  {
    "value": 17,
    "name": "Hornetaur LR"
  },
  {
    "value": 19,
    "name": "Butterfly LR"
  },
  {
    "value": 20,
    "name": "Rathian LR"
  },
  {
    "value": 21,
    "name": "Girros LR"
  },
  {
    "value": 22,
    "name": "Tzitzi LR"
  },
  {
    "value": 23,
    "name": "Lumu LR"
  },
  {
    "value": 24,
    "name": "High Metal LR"
  },
  {
    "value": 25,
    "name": "Death Stench LR"
  },
  {
    "value": 26,
    "name": "Legiana LR"
  },
  {
    "value": 27,
    "name": "Baan LR"
  },
  {
    "value": 28,
    "name": "Odogaron LR"
  },
  {
    "value": 30,
    "name": "Ingot LR"
  },
  {
    "value": 32,
    "name": "Rathalos LR"
  },
  {
    "value": 33,
    "name": "Diablos LR"
  },
  {
    "value": 34,
    "name": "Kirin LR"
  },
  {
    "value": 35,
    "name": "Brigade LR"
  },
  {
    "value": 36,
    "name": "Pulverizing Feather LR"
  },
  {
    "value": 37,
    "name": "Leather α"
  },
  {
    "value": 38,
    "name": "Leather β"
  },
  {
    "value": 39,
    "name": "Chainmail α"
  },
  {
    "value": 40,
    "name": "Chainmail β"
  },
  {
    "value": 41,
    "name": "Hunter's α"
  },
  {
    "value": 42,
    "name": "Hunter's β"
  },
  {
    "value": 43,
    "name": "Bone α"
  },
  {
    "value": 44,
    "name": "Bone β"
  },
  {
    "value": 45,
    "name": "Alloy α"
  },
  {
    "value": 46,
    "name": "Alloy β"
  },
  {
    "value": 47,
    "name": "Gajau α"
  },
  {
    "value": 48,
    "name": "Gajau β"
  },
  {
    "value": 49,
    "name": "Kestodon α"
  },
  {
    "value": 50,
    "name": "Kestodon β"
  },
  {
    "value": 51,
    "name": "Vespoid α"
  },
  {
    "value": 52,
    "name": "Vespoid β"
  },
  {
    "value": 53,
    "name": "Gastodon α"
  },
  {
    "value": 54,
    "name": "Gastodon β"
  },
  {
    "value": 55,
    "name": "Barnos α"
  },
  {
    "value": 56,
    "name": "Barnos β"
  },
  {
    "value": 57,
    "name": "Hornetaur α"
  },
  {
    "value": 58,
    "name": "Hornetaur β"
  },
  {
    "value": 61,
    "name": "Jagras α"
  },
  {
    "value": 62,
    "name": "Jagras β"
  },
  {
    "value": 63,
    "name": "Kulu α"
  },
  {
    "value": 64,
    "name": "Kulu β"
  },
  {
    "value": 65,
    "name": "Pukei α"
  },
  {
    "value": 66,
    "name": "Pukei β"
  },
  {
    "value": 67,
    "name": "Jyura α"
  },
  {
    "value": 68,
    "name": "Jyura β"
  },
  {
    "value": 69,
    "name": "Barroth α"
  },
  {
    "value": 70,
    "name": "Barroth β"
  },
  {
    "value": 71,
    "name": "Kadachi α"
  },
  {
    "value": 72,
    "name": "Kadachi β"
  },
  {
    "value": 73,
    "name": "Rathian α"
  },
  {
    "value": 74,
    "name": "Rathian β"
  },
  {
    "value": 75,
    "name": "Girros α"
  },
  {
    "value": 76,
    "name": "Girros β"
  },
  {
    "value": 77,
    "name": "Tzitzi α"
  },
  {
    "value": 78,
    "name": "Tzitzi β"
  },
  {
    "value": 79,
    "name": "Lumu α"
  },
  {
    "value": 80,
    "name": "Lumu β"
  },
  {
    "value": 81,
    "name": "Odogaron α"
  },
  {
    "value": 82,
    "name": "Odogaron β"
  },
  {
    "value": 83,
    "name": "Dodogama α"
  },
  {
    "value": 84,
    "name": "Dodogama β"
  },
  {
    "value": 85,
    "name": "Lavasioth α"
  },
  {
    "value": 86,
    "name": "Lavasioth β"
  },
  {
    "value": 87,
    "name": "Rath Heart α"
  },
  {
    "value": 88,
    "name": "Rath Heart β"
  },
  {
    "value": 89,
    "name": "High Metal α"
  },
  {
    "value": 90,
    "name": "High Metal β"
  },
  {
    "value": 91,
    "name": "Ingot α"
  },
  {
    "value": 92,
    "name": "Ingot β"
  },
  {
    "value": 93,
    "name": "Anja α"
  },
  {
    "value": 94,
    "name": "Anja β"
  },
  {
    "value": 95,
    "name": "Legiana α"
  },
  {
    "value": 96,
    "name": "Legiana β"
  },
  {
    "value": 97,
    "name": "Baan α"
  },
  {
    "value": 98,
    "name": "Baan β"
  },
  {
    "value": 99,
    "name": "Vaal Hazak α"
  },
  {
    "value": 100,
    "name": "Vaal Hazak β"
  },
  {
    "value": 101,
    "name": "Rathalos α"
  },
  {
    "value": 102,
    "name": "Rathalos β"
  },
  {
    "value": 103,
    "name": "Diablos α"
  },
  {
    "value": 104,
    "name": "Diablos β"
  },
  {
    "value": 105,
    "name": "Kirin α"
  },
  {
    "value": 106,
    "name": "Kirin β"
  },
  {
    "value": 107,
    "name": "Nergigante α"
  },
  {
    "value": 108,
    "name": "Nergigante β"
  },
  {
    "value": 109,
    "name": "Uragaan α"
  },
  {
    "value": 110,
    "name": "Uragaan β"
  },
  {
    "value": 111,
    "name": "Rath Soul α"
  },
  {
    "value": 112,
    "name": "Rath Soul β"
  },
  {
    "value": 113,
    "name": "Diablos Nero α"
  },
  {
    "value": 114,
    "name": "Diablos Nero β"
  },
  {
    "value": 115,
    "name": "Bazel α"
  },
  {
    "value": 116,
    "name": "Bazel β"
  },
  {
    "value": 117,
    "name": "King Beetle α"
  },
  {
    "value": 118,
    "name": "King Beetle β"
  },
  {
    "value": 119,
    "name": "Brigade α"
  },
  {
    "value": 120,
    "name": "Brigade β"
  },
  {
    "value": 121,
    "name": "Damascus α"
  },
  {
    "value": 122,
    "name": "Damascus β"
  },
  {
    "value": 123,
    "name": "Dober α"
  },
  {
    "value": 124,
    "name": "Dober β"
  },
  {
    "value": 125,
    "name": "Xeno'jiiva α"
  },
  {
    "value": 126,
    "name": "Xeno'jiiva β"
  },
  {
    "value": 127,
    "name": "Kaiser α"
  },
  {
    "value": 128,
    "name": "Kaiser β"
  },
  {
    "value": 129,
    "name": "Kushala α"
  },
  {
    "value": 130,
    "name": "Kushala β"
  },
  {
    "value": 131,
    "name": "Skull Mask α"
  },
  {
    "value": 132,
    "name": "Reserved 132"
  },
  {
    "value": 133,
    "name": "Death Stench α"
  },
  {
    "value": 134,
    "name": "Death Stench β"
  },
  {
    "value": 135,
    "name": "Guild Cross α"
  },
  {
    "value": 136,
    "name": "Guild Cross β"
  },
  {
    "value": 137,
    "name": "Reserved 137"
  },
  {
    "value": 138,
    "name": "Reserved 138"
  },
  {
    "value": 139,
    "name": "Zorah α"
  },
  {
    "value": 140,
    "name": "Zorah β"
  },
  {
    "value": 141,
    "name": "Commission α"
  },
  {
    "value": 142,
    "name": "Commission β"
  },
  {
    "value": 143,
    "name": "Reserved 143"
  },
  {
    "value": 144,
    "name": "Reserved 144"
  },
  {
    "value": 145,
    "name": "Reserved 145"
  },
  {
    "value": 146,
    "name": "Reserved 146"
  },
  {
    "value": 147,
    "name": "Reserved 147"
  },
  {
    "value": 148,
    "name": "Reserved 148"
  },
  {
    "value": 149,
    "name": "Reserved 149"
  },
  {
    "value": 150,
    "name": "Reserved 150"
  },
  {
    "value": 151,
    "name": "Faux Felyne α"
  },
  {
    "value": 152,
    "name": "Mosswine Mask α"
  },
  {
    "value": 153,
    "name": "Reserved 153"
  },
  {
    "value": 154,
    "name": "Reserved 154"
  },
  {
    "value": 155,
    "name": "Reserved 155"
  },
  {
    "value": 156,
    "name": "Reserved 156"
  },
  {
    "value": 157,
    "name": "Reserved 157"
  },
  {
    "value": 158,
    "name": "Reserved 158"
  },
  {
    "value": 159,
    "name": "Reserved 159"
  },
  {
    "value": 160,
    "name": "Reserved 160"
  },
  {
    "value": 161,
    "name": "Shamos LR"
  },
  {
    "value": 162,
    "name": "Shamos α"
  },
  {
    "value": 163,
    "name": "Shamos B"
  },
  {
    "value": 164,
    "name": "Butterfly2 LR"
  },
  {
    "value": 165,
    "name": "Butterfly α"
  },
  {
    "value": 166,
    "name": "Butterfly β"
  },
  {
    "value": 169,
    "name": "Reserved 169"
  },
  {
    "value": 170,
    "name": "Reserved 170"
  },
  {
    "value": 171,
    "name": "Reserved 171"
  },
  {
    "value": 172,
    "name": "Reserved 172"
  },
  {
    "value": 173,
    "name": "Reserved 173"
  },
  {
    "value": 174,
    "name": "Unknown"
  },
  {
    "value": 175,
    "name": "Reserved 175"
  },
  {
    "value": 176,
    "name": "Strategist Spectacles α"
  },
  {
    "value": 177,
    "name": "Reserved 177"
  },
  {
    "value": 178,
    "name": "Dragonking Eyepatch α"
  },
  {
    "value": 179,
    "name": "Reserved 179"
  },
  {
    "value": 180,
    "name": "Reserved 180"
  },
  {
    "value": 181,
    "name": "Reserved 181"
  },
  {
    "value": 182,
    "name": "Reserved 182"
  },
  {
    "value": 183,
    "name": "Kulve Taroth α"
  },
  {
    "value": 184,
    "name": "Kulve Taroth β"
  },
  {
    "value": 185,
    "name": "Blossom LR"
  },
  {
    "value": 186,
    "name": "Diver LR"
  },
  {
    "value": 187,
    "name": "Reserved 187"
  },
  {
    "value": 188,
    "name": "Reserved 188"
  },
  {
    "value": 189,
    "name": "Reserved 189"
  },
  {
    "value": 190,
    "name": "Reserved 190"
  },
  {
    "value": 191,
    "name": "Vagnis α"
  },
  {
    "value": 192,
    "name": "Vagnis β"
  },
  {
    "value": 193,
    "name": "Reserved 193"
  },
  {
    "value": 194,
    "name": "Reserved 194"
  },
  {
    "value": 195,
    "name": "Reserved 195"
  },
  {
    "value": 196,
    "name": "Reserved 196"
  },
  {
    "value": 197,
    "name": "Blossom α"
  },
  {
    "value": 198,
    "name": "Diver α"
  },
  {
    "value": 199,
    "name": "Reserved 199"
  },
  {
    "value": 200,
    "name": "Reserved 200"
  },
  {
    "value": 201,
    "name": "Reserved 201"
  },
  {
    "value": 202,
    "name": "Reserved 202"
  },
  {
    "value": 203,
    "name": "Unknown 203"
  },
  {
    "value": 204,
    "name": "Unknown 204"
  },
  {
    "value": 205,
    "name": "Unknown 205"
  },
  {
    "value": 206,
    "name": "Unknown 206"
  },
  {
    "value": 207,
    "name": "Unknown 207"
  },
  {
    "value": 208,
    "name": "Vaal Hazak γ"
  },
  {
    "value": 209,
    "name": "Kirin γ"
  },
  {
    "value": 210,
    "name": "Reserved 210"
  },
  {
    "value": 211,
    "name": "Reserved 211"
  },
  {
    "value": 212,
    "name": "Reserved 212"
  },
  {
    "value": 213,
    "name": "Reserved 213"
  },
  {
    "value": 214,
    "name": "Reserved 214"
  },
  {
    "value": 215,
    "name": "Aloy α"
  },
  {
    "value": 216,
    "name": "Ryu"
  },
  {
    "value": 217,
    "name": "Ryu α"
  },
  {
    "value": 218,
    "name": "Sakura α"
  },
  {
    "value": 219,
    "name": "Azure Starlord α"
  },
  {
    "value": 220,
    "name": "Dante α"
  },
  {
    "value": 221,
    "name": "Empress α"
  },
  {
    "value": 222,
    "name": "Empress β"
  },
  {
    "value": 223,
    "name": "Sealed Eyepatch α"
  },
  {
    "value": 224,
    "name": "Shadow Shades α"
  },
  {
    "value": 225,
    "name": "Kulu Ya-Ku Head α"
  },
  {
    "value": 226,
    "name": "Wriggler Head α"
  },
  {
    "value": 227,
    "name": "Reserved 227"
  },
  {
    "value": 228,
    "name": "Death Stench Layered"
  },
  {
    "value": 229,
    "name": "Shadow Shades Layered"
  },
  {
    "value": 230,
    "name": "Reserved 230"
  },
  {
    "value": 231,
    "name": "Reserved 231"
  },
  {
    "value": 232,
    "name": "Reserved 232"
  },
  {
    "value": 233,
    "name": "Reserved 233"
  },
  {
    "value": 234,
    "name": "Reserved 234"
  },
  {
    "value": 235,
    "name": "Reserved 235"
  },
  {
    "value": 236,
    "name": "Reserved 236"
  },
  {
    "value": 237,
    "name": "Reserved 237"
  },
  {
    "value": 238,
    "name": "Reserved 238"
  },
  {
    "value": 239,
    "name": "Reserved 239"
  },
  {
    "value": 240,
    "name": "Reserved 240"
  },
  {
    "value": 241,
    "name": "Reserved 241"
  },
  {
    "value": 242,
    "name": "Reserved 242"
  },
  {
    "value": 243,
    "name": "Reserved 243"
  },
  {
    "value": 244,
    "name": "Reserved 244"
  },
  {
    "value": 245,
    "name": "Reserved 245"
  },
  {
    "value": 246,
    "name": "Reserved 246"
  },
  {
    "value": 247,
    "name": "Reserved 247"
  },
  {
    "value": 248,
    "name": "Reserved 248"
  },
  {
    "value": 249,
    "name": "Reserved 249"
  }
]
