[
  {
    "value": 0,
    "name": "",
    "max": 0,
    "set": false
  },
  {
    "value": 1,
    "name": "Poison Resistance",
    "max": 3,
    "set": false
  },
  {
    "value": 2,
    "name": "Paralysis Resistance",
    "max": 3,
    "set": false
  },
  {
    "value": 3,
    "name": "Sleep Resistance",
    "max": 3,
    "set": false
  },
  {
    "value": 4,
    "name": "Stun Resistance",
    "max": 3,
    "set": false
  },
  {
    "value": 5,
    "name": "Muck resistance",
    "max": 1,
    "set": false
  },
  {
    "value": 6,
    "name": "Blast Resistance",
    "max": 3,
    "set": false
  },
  {
    "value": 7,
    "name": "Bleeding Resistance",
    "max": 3,
    "set": false
  },
  {
    "value": 8,
    "name": "Iron Skin",
    "max": 3,
    "set": false
  },
  {
    "value": 9,
    "name": "-Skill 9",
    "max": 0,
    "set": false
  },
  {
    "value": 10,
    "name": "-Skill 10",
    "max": 0,
    "set": false
  },
  {
    "value": 11,
    "name": "Ear Plugs",
    "max": 5,
    "set": false
  },
  {
    "value": 12,
    "name": "Wind Proof",
    "max": 5,
    "set": false
  },
  {
    "value": 13,
    "name": "Tremor Resistance",
    "max": 3,
    "set": false
  },
  {
    "value": 14,
    "name": "Dung Master",
    "max": 1,
    "set": false
  },
  {
    "value": 15,
    "name": "-Skill 15",
    "max": 0,
    "set": false
  },
  {
    "value": 16,
    "name": "Effluvial Expert",
    "max": 1,
    "set": false
  },
  {
    "value": 17,
    "name": "Heat Guard",
    "max": 1,
    "set": false
  },
  {
    "value": 18,
    "name": "-Skill 18",
    "max": 0,
    "set": false
  },
  {
    "value": 19,
    "name": "Attack Boost",
    "max": 7,
    "set": false
  },
  {
    "value": 20,
    "name": "Defense Boost",
    "max": 7,
    "set": false
  },
  {
    "value": 21,
    "name": "Health Boost",
    "max": 3,
    "set": false
  },
  {
    "value": 22,
    "name": "Recovery Up",
    "max": 3,
    "set": false
  },
  {
    "value": 23,
    "name": "Recovery Speed",
    "max": 3,
    "set": false
  },
  {
    "value": 24,
    "name": "Fire Resistance",
    "max": 3,
    "set": false
  },
  {
    "value": 25,
    "name": "Water Resistance",
    "max": 3,
    "set": false
  },
  {
    "value": 26,
    "name": "Ice resistance",
    "max": 3,
    "set": false
  },
  {
    "value": 27,
    "name": "Thunder Resistance",
    "max": 3,
    "set": false
  },
  {
    "value": 28,
    "name": "Dragon Resistance",
    "max": 3,
    "set": false
  },
  {
    "value": 29,
    "name": "Blight Resistance",
    "max": 3,
    "set": false
  },
  {
    "value": 30,
    "name": "Fire Attack",
    "max": 5,
    "set": false
  },
  {
    "value": 31,
    "name": "Water Attack",
    "max": 5,
    "set": false
  },
  {
    "value": 32,
    "name": "Ice Attack",
    "max": 5,
    "set": false
  },
  {
    "value": 33,
    "name": "Thunder Attack",
    "max": 5,
    "set": false
  },
  {
    "value": 34,
    "name": "Dragon Attack",
    "max": 5,
    "set": false
  },
  {
    "value": 35,
    "name": "Poison Attack",
    "max": 3,
    "set": false
  },
  {
    "value": 36,
    "name": "Paralysis Attack",
    "max": 3,
    "set": false
  },
  {
    "value": 37,
    "name": "Sleep Attack",
    "max": 3,
    "set": false
  },
  {
    "value": 38,
    "name": "Blast Attack",
    "max": 3,
    "set": false
  },
  {
    "value": 39,
    "name": "Normal Shots",
    "max": 1,
    "set": false
  },
  {
    "value": 40,
    "name": "Piercing Shots",
    "max": 1,
    "set": false
  },
  {
    "value": 41,
    "name": "Spread/Powershots",
    "max": 1,
    "set": false
  },
  {
    "value": 42,
    "name": "-Skill 42",
    "max": 0,
    "set": false
  },
  {
    "value": 43,
    "name": "-Skill 43",
    "max": 0,
    "set": false
  },
  {
    "value": 44,
    "name": "-Skill 44",
    "max": 0,
    "set": false
  },
  {
    "value": 45,
    "name": "-Skill 45",
    "max": 0,
    "set": false
  },
  {
    "value": 46,
    "name": "-Skill 46",
    "max": 0,
    "set": false
  },
  {
    "value": 47,
    "name": "Free Elem/Ammo Up",
    "max": 3,
    "set": false
  },
  {
    "value": 48,
    "name": "Critical Eye",
    "max": 7,
    "set": false
  },
  {
    "value": 49,
    "name": "Critical Boost",
    "max": 3,
    "set": false
  },
  {
    "value": 50,
    "name": "Weakness Exploit",
    "max": 3,
    "set": false
  },
  {
    "value": 51,
    "name": "-Skill 51",
    "max": 0,
    "set": false
  },
  {
    "value": 52,
    "name": "Focus",
    "max": 3,
    "set": false
  },
  {
    "value": 53,
    "name": "Power Prolonger",
    "max": 3,
    "set": false
  },
  {
    "value": 54,
    "name": "Handicraft",
    "max": 5,
    "set": false
  },
  {
    "value": 55,
    "name": "Critical Draw",
    "max": 3,
    "set": false
  },
  {
    "value": 56,
    "name": "PartBreaker",
    "max": 3,
    "set": false
  },
  {
    "value": 57,
    "name": "Slugger",
    "max": 3,
    "set": false
  },
  {
    "value": 58,
    "name": "Stamina Thief",
    "max": 3,
    "set": false
  },
  {
    "value": 59,
    "name": "Master Mounter",
    "max": 1,
    "set": false
  },
  {
    "value": 60,
    "name": "Airborne",
    "max": 1,
    "set": false
  },
  {
    "value": 61,
    "name": "Latent Power",
    "max": 5,
    "set": false
  },
  {
    "value": 62,
    "name": "Agitator",
    "max": 5,
    "set": false
  },
  {
    "value": 63,
    "name": "Peak Performance",
    "max": 3,
    "set": false
  },
  {
    "value": 64,
    "name": "Heroics",
    "max": 5,
    "set": false
  },
  {
    "value": 65,
    "name": "Fortify",
    "max": 1,
    "set": false
  },
  {
    "value": 66,
    "name": "Resentment",
    "max": 5,
    "set": false
  },
  {
    "value": 67,
    "name": "Resuscitate",
    "max": 1,
    "set": false
  },
  {
    "value": 68,
    "name": "Horn Maestro",
    "max": 1,
    "set": false
  },
  {
    "value": 69,
    "name": "Capacity Boost",
    "max": 1,
    "set": false
  },
  {
    "value": 70,
    "name": "Special Ammo Boost",
    "max": 2,
    "set": false
  },
  {
    "value": 71,
    "name": "Artillery",
    "max": 3,
    "set": false
  },
  {
    "value": 72,
    "name": "Heavy Artillery",
    "max": 2,
    "set": false
  },
  {
    "value": 73,
    "name": "Marathon Runner",
    "max": 3,
    "set": false
  },
  {
    "value": 74,
    "name": "Constition",
    "max": 5,
    "set": false
  },
  {
    "value": 75,
    "name": "Leap Of Faith",
    "max": 1,
    "set": false
  },
  {
    "value": 76,
    "name": "Stamina Surge",
    "max": 3,
    "set": false
  },
  {
    "value": 77,
    "name": "Hunger Resistance",
    "max": 3,
    "set": false
  },
  {
    "value": 78,
    "name": "Evade Window",
    "max": 5,
    "set": false
  },
  {
    "value": 79,
    "name": "Evade Extender",
    "max": 3,
    "set": false
  },
  {
    "value": 80,
    "name": "Guard",
    "max": 5,
    "set": false
  },
  {
    "value": 81,
    "name": "Quick Sheath",
    "max": 3,
    "set": false
  },
  {
    "value": 82,
    "name": "Wide Range",
    "max": 5,
    "set": false
  },
  {
    "value": 83,
    "name": "Item Prolonger",
    "max": 3,
    "set": false
  },
  {
    "value": 84,
    "name": "Free Meal",
    "max": 1,
    "set": false
  },
  {
    "value": 85,
    "name": "Speed Eating",
    "max": 3,
    "set": false
  },
  {
    "value": 86,
    "name": "Speed Sharpening",
    "max": 3,
    "set": false
  },
  {
    "value": 87,
    "name": "-Skill 87",
    "max": 0,
    "set": false
  },
  {
    "value": 88,
    "name": "Bombardier",
    "max": 3,
    "set": false
  },
  {
    "value": 89,
    "name": "-Skill 89",
    "max": 0,
    "set": false
  },
  {
    "value": 90,
    "name": "Mushroomancer",
    "max": 3,
    "set": false
  },
  {
    "value": 91,
    "name": "Master Fisher",
    "max": 1,
    "set": false
  },
  {
    "value": 92,
    "name": "BBQ Master",
    "max": 1,
    "set": false
  },
  {
    "value": 93,
    "name": "Pro Transporter",
    "max": 1,
    "set": false
  },
  {
    "value": 94,
    "name": "Master Gatherer",
    "max": 1,
    "set": false
  },
  {
    "value": 95,
    "name": "Honey Hunter",
    "max": 1,
    "set": false
  },
  {
    "value": 96,
    "name": "Carving Pro",
    "max": 1,
    "set": false
  },
  {
    "value": 97,
    "name": "Divine Blessing",
    "max": 3,
    "set": false
  },
  {
    "value": 98,
    "name": "Palico Rally",
    "max": 5,
    "set": false
  },
  {
    "value": 99,
    "name": "Botanist",
    "max": 4,
    "set": false
  },
  {
    "value": 100,
    "name": "Geologist",
    "max": 3,
    "set": false
  },
  {
    "value": 101,
    "name": "Maximum Might",
    "max": 3,
    "set": false
  },
  {
    "value": 102,
    "name": "Slinger Capacity",
    "max": 3,
    "set": false
  },
  {
    "value": 103,
    "name": "Stealth",
    "max": 3,
    "set": false
  },
  {
    "value": 104,
    "name": "Flinch Free",
    "max": 3,
    "set": false
  },
  {
    "value": 105,
    "name": "Scoutfly Range Up",
    "max": 1,
    "set": false
  },
  {
    "value": 106,
    "name": "Speed Crawler",
    "max": 1,
    "set": false
  },
  {
    "value": 107,
    "name": "Jump Master",
    "max": 1,
    "set": false
  },
  {
    "value": 108,
    "name": "Sporepuff Expert",
    "max": 3,
    "set": false
  },
  {
    "value": 109,
    "name": "Aquatic Expert",
    "max": 3,
    "set": false
  },
  {
    "value": 110,
    "name": "-Skill 110",
    "max": 0,
    "set": false
  },
  {
    "value": 111,
    "name": "Cliffhanger",
    "max": 1,
    "set": false
  },
  {
    "value": 112,
    "name": "Blindsider",
    "max": 1,
    "set": false
  },
  {
    "value": 113,
    "name": "-Skill 113",
    "max": 0,
    "set": false
  },
  {
    "value": 114,
    "name": "Scholar",
    "max": 1,
    "set": false
  },
  {
    "value": 115,
    "name": "Entomologist",
    "max": 3,
    "set": false
  },
  {
    "value": 116,
    "name": "Effluvia Resistance",
    "max": 3,
    "set": false
  },
  {
    "value": 117,
    "name": "Scenthound",
    "max": 1,
    "set": false
  },
  {
    "value": 118,
    "name": "Foragers Luck",
    "max": 1,
    "set": false
  },
  {
    "value": 119,
    "name": "Detector",
    "max": 10,
    "set": false
  },
  {
    "value": 120,
    "name": "Tool Specialist",
    "max": 3,
    "set": false
  },
  {
    "value": 121,
    "name": "-Skill 121",
    "max": 0,
    "set": false
  },
  {
    "value": 122,
    "name": "Affinity Sliding",
    "max": 1,
    "set": false
  },
  {
    "value": 123,
    "name": "Elderseal Boost",
    "max": 1,
    "set": false
  },
  {
    "value": 124,
    "name": "Intimidator",
    "max": 3,
    "set": false
  },
  {
    "value": 125,
    "name": "Anjanath Power",
    "max": 3,
    "set": true
  },
  {
    "value": 126,
    "name": "Nergigante Hunger",
    "max": 1,
    "set": true
  },
  {
    "value": 127,
    "name": "Vaal Hazak Vitality",
    "max": 1,
    "set": true
  },
  {
    "value": 128,
    "name": "Rathalos Power",
    "max": 1,
    "set": true
  },
  {
    "value": 129,
    "name": "Diablos Power",
    "max": 1,
    "set": true
  },
  {
    "value": 130,
    "name": "Kirin Blessing",
    "max": 1,
    "set": true
  },
  {
    "value": 131,
    "name": "Pink Rathian Mastery",
    "max": 1,
    "set": true
  },
  {
    "value": 132,
    "name": "Anjanath Will",
    "max": 1,
    "set": true
  },
  {
    "value": 133,
    "name": "Set Skill 133",
    "max": 1,
    "set": true
  },
  {
    "value": 134,
    "name": "Set Skill 134",
    "max": 1,
    "set": true
  },
  {
    "value": 135,
    "name": "Rathalos Mastery",
    "max": 1,
    "set": true
  },
  {
    "value": 136,
    "name": "Diablos Mastery",
    "max": 1,
    "set": true
  },
  {
    "value": 137,
    "name": "Kirin Favor",
    "max": 1,
    "set": true
  },
  {
    "value": 138,
    "name": "Uragaan Protection",
    "max": 1,
    "set": true
  },
  {
    "value": 139,
    "name": "Set Skill 139",
    "max": 1,
    "set": true
  },
  {
    "value": 140,
    "name": "Set Skill 140",
    "max": 1,
    "set": true
  },
  {
    "value": 141,
    "name": "Set Skill 141",
    "max": 1,
    "set": true
  },
  {
    "value": 142,
    "name": "Bazelgeuse Protection",
    "max": 1,
    "set": true
  },
  {
    "value": 143,
    "name": "Teostra Technique",
    "max": 1,
    "set": true
  },
  {
    "value": 144,
    "name": "Kushala Daora Flight",
    "max": 1,
    "set": true
  },
  {
    "value": 145,
    "name": "Xeno'Jiiva Divinity",
    "max": 1,
    "set": true
  },
  {
    "value": 146,
    "name": "Set Skill 146",
    "max": 1,
    "set": true
  },
  {
    "value": 147,
    "name": "Zorah Magdaros Mastery",
    "max": 1,
    "set": true
  },
  {
    "value": 148,
    "name": "Set Skill 148",
    "max": 1,
    "set": true
  },
  {
    "value": 149,
    "name": "Guild Guidance",
    "max": 1,
    "set": true
  },
  {
    "value": 150,
    "name": "Commission Guidance",
    "max": 1,
    "set": true
  },
  {
    "value": 151,
    "name": "Legiana Blessing",
    "max": 1,
    "set": true
  },
  {
    "value": 152,
    "name": "Legiana Favor",
    "max": 1,
    "set": true
  },
  {
    "value": 153,
    "name": "Odogaron Power",
    "max": 1,
    "set": true
  },
  {
    "value": 154,
    "name": "Odogaron Mastery",
    "max": 1,
    "set": true
  },
  {
    "value": 155,
    "name": "-Skill 155",
    "max": 0,
    "set": false
  },
  {
    "value": 156,
    "name": "-Skill 156",
    "max": 0,
    "set": false
  },
  {
    "value": 157,
    "name": "Guard Up",
    "max": 1,
    "set": false
  },
  {
    "value": 158,
    "name": "Protective Polish",
    "max": 0,
    "set": false
  },
  {
    "value": 159,
    "name": "Non-Elemental Boost",
    "max": 0,
    "set": false
  },
  {
    "value": 160,
    "name": "Guts",
    "max": 0,
    "set": false
  },
  {
    "value": 161,
    "name": "Hasten Recovery",
    "max": 0,
    "set": false
  },
  {
    "value": 162,
    "name": "Razor Sharp/Spare Shot",
    "max": 0,
    "set": false
  },
  {
    "value": 163,
    "name": "Lunastra Favor",
    "max": 1,
    "set": true
  },
  {
    "value": 164,
    "name": "-Test 164",
    "max": 1,
    "set": true
  },
  {
    "value": 170,
    "name": "-Test 170",
    "max": 1,
    "set": true
  }
]
